{"cameraMode":{"drawMode":0,"name":"Shaded","section":"Shading Mode"},"sceneLighting":true,"audioPlay":false,"sceneViewState":{"showFog":true,"showMaterialUpdate":false,"showSkybox":true,"showFlares":true,"showImageEffects":true,"showParticleSystems":true},"in2DMode":false,"pivot":{"x":1.0630019903182984,"y":3.8965909481048586,"z":0.1084449291229248},"rotation":{"x":-0.11511753499507904,"y":-0.6323316097259522,"z":0.09576732665300369,"w":-0.7600885629653931},"size":13.023073196411133,"orthographic":false}